Keyword Text,Competition,Competition Index,Search Volume,Low Top Page Bid,High Top Page Bid
google images search,LOW,0,1220000,0.55,1.64
image search image search,LOW,0,1220000,0.45,1.51
google image search image,LOW,0,1220000,0.55,1.64
google image search with an image,LOW,0,1220000,0.55,1.64
images google search by image,LOW,0,1220000,0.55,1.64
search a photo on google images,LOW,0,1220000,0.55,1.64
search image for google,LOW,0,1220000,0.55,1.64
search image search,LOW,1,673000,0.53,2.00
image search image,LOW,1,673000,0.53,2.00
search by image search,LOW,1,673000,0.53,2.00
google sign in,LOW,0,201000,0.72,0.80
search engine,LOW,7,90500,0.82,2.34
search engine search,LOW,7,90500,0.82,2.34
google photos search,LOW,1,74000,0.63,1.54
google search image search,LOW,1,74000,0.51,1.66
look up photo,LOW,4,49500,0.52,1.80
look up a photo,LOW,4,49500,0.52,1.80
photo and search,LOW,4,49500,0.52,1.80
photo search with photo,LOW,4,49500,0.52,1.80
photo search photo,LOW,4,49500,0.52,1.80
search photo search,LOW,4,49500,0.52,1.80
search image by,LOW,2,49500,0.40,1.63
search and image,LOW,4,33100,0.50,1.55
search images,LOW,1,27100,0.47,1.79
search advanced search,LOW,0,27100,2.30,25.85
find image,LOW,1,14800,0.50,1.90
look up image,LOW,3,14800,0.53,1.92
find and image,LOW,1,14800,0.50,1.90
images to images,LOW,5,14800,0.81,5.86
google image search upload,LOW,1,12100,0.62,1.99
google com sign in,LOW,0,12100,0.39,2.32
images images photos,LOW,30,12100,0.56,3.60
google image search upload image,LOW,1,12100,0.62,1.99
image from photo,LOW,30,12100,0.56,3.60
search photos,LOW,7,9900,0.56,1.97
google image search with photo,LOW,2,9900,0.50,1.62
google image search upload photo,LOW,1,9900,0.69,2.15
images upload,LOW,2,9900,1.01,2.69
search results,LOW,1,8100,1.03,15.00
search using image,LOW,2,6600,0.47,1.52
search using a photo,LOW,2,6600,0.47,1.52
search through images,LOW,2,6600,0.47,1.52
search for image using image,LOW,2,6600,0.47,1.52
search that image,LOW,2,6600,0.47,1.52
find images like,LOW,1,6600,0.53,4.16
search photo online,LOW,6,5400,0.50,2.00
find an image online,LOW,6,5400,0.50,2.00
find photo online,LOW,6,5400,0.50,2.00
search for this image online,LOW,6,5400,0.50,2.00
search website,LOW,4,4400,1.59,5.81
upload image search,LOW,5,4400,0.54,2.02
picture search google,LOW,5,4400,0.54,1.45
find images on google,LOW,1,4400,0.43,1.41
image upload search,LOW,2,4400,0.41,1.56
upload image to search,LOW,2,4400,0.41,1.56
image search upload image,LOW,5,4400,0.54,2.02
upload photo search,LOW,2,4400,0.41,1.56
upload image and search,LOW,2,4400,0.41,1.56
upload and image search,LOW,5,4400,0.54,2.02
search an uploaded image,LOW,2,4400,0.41,1.56
pic upload search,LOW,2,4400,0.41,1.56
images google search,LOW,0,3600,0.40,2.09
search picture,LOW,4,2900,0.42,1.49
google find image,LOW,3,2900,0.49,1.43
image search engine,LOW,3,2900,0.41,3.00
search engines with image search,LOW,3,2900,0.41,3.00
google find from image,LOW,3,2900,0.49,1.43
find photos,LOW,3,2400,0.42,1.43
images add,LOW,1,2400,0.21,3.09
google search photos,LOW,1,1900,0.54,1.66
photo search engine,LOW,10,1900,0.46,1.56
photo image,LOW,7,1900,0.63,5.50
google look up image,LOW,3,1900,0.58,1.69
image web search,LOW,10,1900,0.46,1.56
google look up by image,LOW,7,1900,0.50,1.52
google search for a photo,LOW,1,1900,0.54,1.66
google search from a photo,LOW,1,1900,0.54,1.66
photograph search engine,LOW,10,1900,0.46,1.56
search google for a photo,LOW,1,1900,0.54,1.66
google look for images,LOW,7,1900,0.50,1.52
no search,LOW,0,1600,0.19,1.51
google web photos,LOW,0,1600,0.76,3.67
google results,LOW,0,1600,,
search original image,LOW,1,1600,0.26,2.14
google images upload,LOW,0,1300,,
check photo,LOW,11,1300,0.48,1.92
look up photos on google,LOW,9,1300,0.46,1.67
google search using photo,LOW,1,1300,0.42,1.18
google search and image,LOW,1,1300,0.42,1.18
google search using photos,LOW,1,1300,0.42,1.18
google search for this image,LOW,1,1300,0.42,1.18
image to google search,LOW,2,1300,0.48,1.32
image to search google,LOW,2,1300,0.48,1.32
google search from an image,LOW,1,1300,0.42,1.18
into google,LOW,0,1300,1.55,30.24
image search online,LOW,6,1000,0.63,2.18
images website,LOW,13,1000,0.91,5.91
your email,LOW,4,1000,0.75,3.98
online search,LOW,2,1000,1.98,8.42
image check,LOW,33,1000,0.76,4.31
image search website,LOW,5,1000,0.43,2.22
google online,LOW,3,880,0.80,32.12
search engine online,LOW,5,880,1.25,4.51
search addresses,LOW,20,880,0.85,2.92
image search what is this,LOW,13,880,0.43,1.34
using photo,LOW,1,880,0.32,5.21
search for online,LOW,1,880,0.48,3.31
google upload image,LOW,0,720,0.31,1.43
upload image to google search,LOW,2,720,0.66,2.57
use google,LOW,0,720,2.86,16.83
your search,LOW,0,720,,
geotag search,LOW,0,720,,
upload a photo to google search,LOW,2,720,0.66,2.57
upload image and search google,LOW,2,720,0.66,2.57
search images from gallery,LOW,0,720,,
upload an image for google search,LOW,2,720,0.66,2.57
google search by photo upload,LOW,2,720,0.66,2.57
any email,LOW,0,590,0.98,11.26
image like,LOW,0,590,,
photo upload image search,LOW,4,590,0.65,2.85
search image like,LOW,2,590,0.78,4.61
your google,LOW,0,480,,
find place,LOW,0,480,,
search web with photo,LOW,7,480,0.58,1.75
search for a location,LOW,4,480,0.70,2.53
google will,LOW,0,480,,
image search who is this,LOW,8,480,0.46,1.74
google find photo,LOW,3,390,0.51,1.44
text search,LOW,5,390,2.04,6.74
google look up photo,LOW,5,390,0.58,1.63
images image,LOW,1,390,,
google find by photo,LOW,3,390,0.51,1.44
photo find google,LOW,3,390,0.51,1.44
google find with photo,LOW,3,390,0.51,1.44
search my images,LOW,4,390,0.48,1.47
find a place from a photo,LOW,3,390,0.64,2.03
google is there,LOW,0,390,,
search image using image,LOW,14,320,0.64,2.04
upload photos to google,LOW,1,320,,
find image using image,LOW,14,320,0.64,2.04
images on images,LOW,5,320,0.81,5.24
on google search,LOW,0,320,,
image search using photo,LOW,5,320,0.40,1.55
find images on web,LOW,1,320,0.32,0.93
google search and,LOW,0,320,,
upload photo to google search,LOW,1,260,0.73,1.09
search website google,LOW,0,260,,
google search image upload,LOW,1,260,,
image search tool,LOW,5,260,0.59,2.20
google using image,LOW,0,260,,
google using an image,LOW,0,260,,
place search by image,LOW,2,260,0.86,1.25
upload photo to search google,LOW,1,260,0.73,1.09
find more images like this,LOW,0,260,,
google using photo,LOW,0,260,,
help search,LOW,1,260,2.87,47.26
search platforms,LOW,8,210,1.54,21.03
google image check,LOW,5,210,0.52,2.05
look up photos online,LOW,15,210,0.60,1.40
google search for,LOW,0,210,,
search online by image,LOW,6,210,0.43,1.31
look up a photo online,LOW,15,210,0.60,1.40
check an image on google,LOW,5,210,0.52,2.05
look for image online,LOW,6,210,0.43,1.31
google search google search,LOW,0,210,,
check google images,LOW,5,210,0.52,2.05
search for place,LOW,0,210,,
google in search,LOW,0,210,,
search online for an image,LOW,6,210,0.43,1.31
search pics online,LOW,15,210,0.60,1.40
image in image,LOW,1,210,,
google search using image,LOW,3,170,0.31,1.11
google search through image,LOW,3,170,0.31,1.11
check photo online,LOW,20,170,0.59,1.62
check images online,LOW,20,170,0.59,1.62
my google sign in,LOW,0,170,,
check a photo online,LOW,20,170,0.59,1.62
search image from photo,LOW,14,170,0.34,1.05
search any person by photo,MEDIUM,40,170,0.57,1.75
search by using photo,LOW,9,170,0.44,1.09
google look for,LOW,0,170,,
look up image online,LOW,14,140,0.37,1.15
search google search,LOW,0,140,,
using google search,LOW,1,140,,
search using,LOW,1,140,0.79,2.90
same photos,LOW,0,140,,
image search a photo,LOW,3,140,0.64,1.52
google search by using image,LOW,2,140,0.37,0.88
image similar,LOW,0,140,,
google search photo image,LOW,5,110,,
google image search online,LOW,0,110,,
google images online,LOW,0,110,,
online google image search,LOW,0,110,,
photo search who is this,LOW,11,110,0.44,1.36
find image search,LOW,1,110,,
find an image search,LOW,1,110,,
online sign in,LOW,2,90,2.14,19.14
look up an image on google,LOW,5,90,0.43,1.03
search image using google,LOW,2,90,,
using google images,LOW,1,90,,
photo search websites,LOW,13,90,0.80,2.74
google image search using image,LOW,2,90,,
photos like,LOW,1,90,,
website to search images,LOW,13,90,0.80,2.74
find any email,MEDIUM,39,70,2.19,10.90
google images upload photo,LOW,1,70,,
look up this image,LOW,2,70,0.29,0.67
image search google image search,LOW,1,70,,
search jpg,LOW,3,70,0.13,0.19
photo upload google search,LOW,2,70,,
website to find images,LOW,5,70,0.69,4.69
google search engine image,LOW,0,70,,
google upload photo to search,LOW,2,70,,
my google photo search,LOW,0,70,,
google search with image upload,LOW,1,70,,
search and find online,LOW,9,70,0.10,1.75
search content,LOW,5,70,0.53,3.85
google search upload photo,LOW,2,70,,
search for my photos,LOW,11,50,0.37,0.91
find your image,LOW,4,50,,
image check google,LOW,10,50,0.42,1.49
search and find images,LOW,6,50,,
google check images,LOW,10,50,0.42,1.49
google search google search google search,LOW,0,50,,
search photo using google,LOW,0,50,,
google find image from photo,LOW,10,50,0.72,1.75
google search using a photo,LOW,8,50,,
upload image to find out what it is,LOW,23,50,0.52,1.35
upload image and search on google,LOW,0,50,,
upload image to search on google,LOW,0,50,,
search for google photos,LOW,10,50,0.75,1.52
upload an image to search on google,LOW,0,50,,
google com search photo,LOW,0,50,,
search google using a photo,LOW,8,50,,
www google com search photo,LOW,0,50,,
search up photos,LOW,1,50,,
search photo image,LOW,10,40,0.40,1.32
photo check google,LOW,5,40,,
google find from photo,LOW,9,40,0.55,2.00
find image from photo,LOW,1,40,,
image search using google,LOW,6,40,0.42,1.37
google website sign in,LOW,0,40,,
image search upload photo,LOW,2,40,,
using image search,LOW,5,40,,
search on google using an image,LOW,13,40,0.40,0.99
look up google image,LOW,2,40,,
find your images online,LOW,13,40,,
search in google using image,LOW,13,40,0.40,0.99
image search using an image,LOW,5,40,,
search on google using image,LOW,13,40,0.40,0.99
search using google image,LOW,6,40,0.42,1.37
look up this photo,LOW,7,40,0.67,1.20
email your,LOW,4,40,,
find any photo,LOW,4,40,,
find your photos online,LOW,13,40,,
photo google search by image,LOW,6,30,,
search your photo,LOW,0,30,,
search for any,LOW,4,30,,
image search results,LOW,2,30,,
google search in image,LOW,3,30,,
images similar to,LOW,1,30,,
search within image,LOW,1,30,,
check this image,LOW,1,30,,
search upload,LOW,0,30,,
find my photos online,LOW,13,30,,
google edu search,LOW,0,30,,
website google search,LOW,8,20,,
google photo search online,LOW,2,20,,
search for an image from a photo,LOW,13,20,0.64,1.57
search google for photo,LOW,0,20,,
search through photos,LOW,9,20,0.28,0.85
google search online,LOW,3,20,,
google search this photo,LOW,7,20,,
image find google,LOW,5,20,,
search this image online,LOW,2,20,,
online google photos,LOW,0,20,,
upload photo and search,LOW,1,20,,
google find with image,LOW,0,20,,
upload a photo to google image search,LOW,5,20,0.77,1.64
online image search engine,LOW,7,20,,
image search jpg,LOW,4,20,,
google look up google,LOW,0,20,,
upload a photo and search,LOW,3,20,,
look up places,LOW,0,20,,
search by photograph,LOW,11,20,,
www google search image,LOW,0,20,,
images google find,LOW,0,10,,
search image on,LOW,0,10,,
search your image,LOW,0,10,,
find an image from a photo,MEDIUM,57,10,,
photo to google search,LOW,0,10,,
online google sign in,LOW,0,10,,
find any photo online,LOW,7,10,,
image upload to search,UNSPECIFIED,0,10,,
search online image,LOW,5,10,,
upload photo for image search,MEDIUM,43,10,0.93,2.96
search tool image,UNSPECIFIED,0,10,,
search about photo,LOW,0,10,,
search for image from photo,LOW,10,10,,
free google sign in,LOW,0,10,,
google search of photo,LOW,1,10,,
online search photo,LOW,0,10,,
online search by photo,LOW,10,10,,
search for this photo online,LOW,10,10,,
photo to search online,UNSPECIFIED,0,10,,
search to photo,LOW,19,10,,
online search image,LOW,0,10,,
search with image online,LOW,0,10,,
image search for,LOW,0,10,,
search using google,LOW,3,10,,
check for image online,LOW,4,10,,
google search in photo,LOW,0,10,,
search with photo online,HIGH,71,10,,
photo se search,UNSPECIFIED,0,10,,
image search google online,UNSPECIFIED,0,10,,
search online with image,LOW,0,10,,
online photo search on google,UNSPECIFIED,0,10,,
image search engine online,LOW,0,10,,
upload image search online,LOW,2,10,,
search online for image,LOW,0,10,,
online no search,LOW,0,10,,
image search from a photo,LOW,13,10,,
image search my photos,LOW,0,10,,
upload image for search in google,LOW,7,10,,
check with image,UNSPECIFIED,0,10,,
search image with photo,LOW,6,10,,
no search online,LOW,0,10,,
online google online,LOW,0,10,,
find your website,MEDIUM,45,10,5.96,15.08
photo with search,UNSPECIFIED,0,10,,
google search on photo,LOW,1,10,,
search for by image,LOW,5,10,,
search location with image,LOW,2,10,,
an image search,LOW,0,10,,
online image check,LOW,3,10,,
google search jpg,LOW,0,10,,
search from image online,UNSPECIFIED,0,10,,
search image using photo,UNSPECIFIED,0,10,,
search on a photo,LOW,6,10,,
image on photo,LOW,1,10,,
check an image online,UNSPECIFIED,0,10,,
image with photo,HIGH,93,10,,
photo find online,LOW,0,10,,
search results by image,UNSPECIFIED,0,10,,
to search an image,LOW,0,10,,
find on photo,UNSPECIFIED,0,10,,
google search by a photo,LOW,0,10,,
search online with photo,LOW,21,10,2.05,4.75
online search websites,LOW,19,10,,
google search by photo image,LOW,9,10,,
image search using a photo,UNSPECIFIED,0,10,,
search location of photo,LOW,0,10,,
image search of photo,LOW,2,10,,
photo with image,UNSPECIFIED,0,10,,
search online by photo,LOW,17,10,,
image search engine google,LOW,0,10,,
google find image upload,LOW,0,10,,
search with an image online,LOW,0,10,,
upload image and search online,LOW,0,10,,
check by image,LOW,0,10,,
t search engine,LOW,0,10,,
google com image search upload,LOW,0,10,,
search location with photo,LOW,0,10,,
search place from image,UNSPECIFIED,0,10,,
photo by search,LOW,0,10,,
google image search a photo,LOW,2,10,,
upload photo to search on google,LOW,2,10,,
google search image online,LOW,0,10,,
to search engines,LOW,17,10,,
find for image,UNSPECIFIED,0,10,,
google my image search,UNSPECIFIED,0,10,,
search engines that do not use google,MEDIUM,37,10,0.46,1.64
image google search upload,LOW,0,10,,
google upload image to search,LOW,0,10,,
google sign online,LOW,0,10,,
google search of an image,LOW,5,10,,
image content search,LOW,0,10,,
image search by location,LOW,0,10,,
find image photo,LOW,0,10,,
search jpg images,LOW,0,10,,
check photo image,UNSPECIFIED,0,10,,
your search engine,LOW,5,10,,
photo search engine online,LOW,0,10,,
google upload image and search,LOW,0,10,,
search place with image,LOW,0,10,,
google search by image online,LOW,0,10,,
upload photo image search,MEDIUM,43,10,0.93,2.96
find by photo online,LOW,0,10,,
google search through photo,LOW,4,10,,
image result search,LOW,0,10,,
web search for image,LOW,14,10,,
search location from image,LOW,0,10,,
search place with photo,LOW,0,10,,
search using image online,UNSPECIFIED,0,10,,
image google image search,LOW,0,10,,
a image photo,LOW,0,10,,
upload and search image online,LOW,7,10,,
google image upload and search,LOW,0,10,,
search an image to find out what it is,LOW,27,10,,
google mein search,LOW,0,10,,
image file search,LOW,0,10,,
find by image online,UNSPECIFIED,0,10,,
google google online,LOW,0,10,,
web google photos,LOW,0,10,,
search by google photos,LOW,2,10,,
photo search with google,LOW,0,10,,
google like image search,UNSPECIFIED,0,10,,
image search from google photos,LOW,0,10,,
find a place using a photo,LOW,0,10,,
tags for search,LOW,0,10,,
website with image search,LOW,0,10,,
search google from photo,LOW,3,10,,
search for image with google,LOW,0,10,,
search no online,LOW,0,10,,
search location using photo,UNSPECIFIED,0,10,,
image search metadata,LOW,7,10,,
image information search,LOW,4,10,,
search photo using photo,UNSPECIFIED,0,10,,
upload google photo search,UNSPECIFIED,0,10,,
image search from my photos,LOW,4,10,,
search image information,LOW,0,10,,
search through image online,UNSPECIFIED,0,10,,
www photos google com search,UNSPECIFIED,0,10,,
